{"rrMin":1.55,"atrPctRiskMin":0.25,"atrPctRiskMax":0.7300000000000001,"driftMaxAdj":0.34,"driftHard":0.58,"spreadMaxRiskRatio":0.13999999999999999,"adxHardRejectBelow":14}