{"rrMin":1.72,"atrPctRiskMin":0.25,"atrPctRiskMax":0.6100000000000001,"driftMaxAdj":0.31,"driftHard":0.46,"spreadMaxRiskRatio":0.16999999999999998,"adxHardRejectBelow":15}